{"cameraMode":{"drawMode":0,"name":"Shaded","section":"Shading Mode"},"sceneLighting":true,"audioPlay":false,"sceneViewState":{"m_AlwaysRefresh":false,"showFog":true,"showSkybox":true,"showFlares":true,"showImageEffects":true,"showParticleSystems":true,"showVisualEffectGraphs":true,"m_FxEnabled":true},"in2DMode":false,"pivot":{"x":5.582338333129883,"y":9.779172897338868,"z":-3.754619598388672},"rotation":{"x":0.04620465636253357,"y":0.26931145787239077,"z":-0.012936698272824288,"w":0.9618583917617798},"size":12.461819648742676,"orthographic":false}