{"cameraMode":{"drawMode":0,"name":"Shaded","section":"Shading Mode"},"sceneLighting":false,"audioPlay":false,"sceneViewState":{"m_AlwaysRefresh":false,"showFog":true,"showSkybox":false,"showFlares":true,"showImageEffects":true,"showParticleSystems":true,"showVisualEffectGraphs":true,"m_FxEnabled":true},"in2DMode":false,"pivot":{"x":-1.5664546489715577,"y":0.23865002393722535,"z":-0.16025155782699586},"rotation":{"x":0.21831409633159638,"y":0.27378571033477785,"z":-0.06396067142486572,"w":0.9344998598098755},"size":1.2514547109603882,"orthographic":false}